[
  [
    {
      "a": 6
    },
    "Esc",
    "F1",
    "F2",
    "F3",
    "F4",
    "F5",
    "F6",
    "F7",
    "F8",
    "F9",
    "F10",
    "F11",
    "F12",
    {
      "a": 5
    },
    "PrtSc\nNmLk",
    "Pause\nScrLk",
    "Delete\nInsert"
  ],
  [
    {
      "a": 4
    },
    "~\n`",
    "!\n1",
    "@\n2",
    "#\n3",
    "$\n4",
    "%\n5",
    "^\n6",
    "&\n7",
    "*\n8",
    "(\n9",
    ")\n0",
    "_\n-",
    "+\n=",
    {
      "a": 6,
      "w": 2
    },
    "Backspace",
    "Home"
  ],
  [
    {
      "a": 4,
      "w": 1.5
    },
    "Tab",
    "Q",
    "W",
    "E",
    "R",
    "T",
    "Y",
    "U",
    "I",
    "O",
    "P",
    "{\n[",
    "}\n]",
    {
      "w": 1.5
    },
    "|\n\\",
    {
      "a": 6
    },
    "Page Up"
  ],
  [
    {
      "a": 4,
      "w": 1.75
    },
    "Caps Lock",
    "A",
    "S",
    "D",
    "F",
    "G",
    "H",
    "J",
    "K",
    "L",
    ":\n;",
    "\"\n'",
    {
      "a": 6,
      "w": 2.25
    },
    "Enter",
    "Page Down"
  ],
  [
    {
      "w": 2.25
    },
    "Shift",
    {
      "a": 4
    },
    "Z",
    "X",
    "C",
    "V",
    "B",
    "N",
    "M",
    "<\n,",
    ">\n.",
    "?\n/",
    {
      "a": 6,
      "w": 1.75
    },
    "Shift",
    {
      "a": 7
    },
    "↑",
    {
      "a": 6
    },
    "End"
  ],
  [
    {
      "w": 1.25
    },
    "Ctrl",
    {
      "w": 1.25
    },
    "Win",
    {
      "w": 1.25
    },
    "Alt",
    {
      "a": 7,
      "w": 6.25
    },
    "",
    {
      "a": 6
    },
    "Alt",
    "Fn",
    "Ctrl",
    {
      "a": 7
    },
    "←",
    "↓",
    "→"
  ]
]